{"cameraMode":{"drawMode":0,"name":"Shaded","section":"Shading Mode"},"sceneLighting":true,"audioPlay":false,"sceneViewState":{"m_AlwaysRefresh":false,"showFog":true,"showSkybox":true,"showFlares":true,"showImageEffects":true,"showParticleSystems":true,"showVisualEffectGraphs":true,"m_FxEnabled":true},"in2DMode":false,"pivot":{"x":8.520990371704102,"y":5.198160171508789,"z":-7.933040618896484},"rotation":{"x":0.0012796777300536633,"y":0.9791855216026306,"z":-0.20288793742656709,"w":0.0061691696755588058},"size":34.35939025878906,"orthographic":false}